{
    "display": {
        "icon": {
            "item": "minecraft:ancient_debris"
        },
        "title": {
            "text": "Thermite",
            "color": "white",
            "bold": false,
            "italic": false
        },
        "description": {
            "text": "Use magma and Ancient Debris to create a super hot blast!",
            "color": "green",
            "bold": false,
            "italic": true
        },
        "show_toast": false,
        "announce_to_chat": false,
        "frame": "goal"
    },
    "parent": "main:main/death",
    "criteria": {
        "tick": {
            "trigger": "minecraft:tick"
        }
    }
}